"rgn_id","product","year","tonnes"
4,"corals",1990,40.2651620483051
8,"corals",1990,4.45779343859821
3,"corals",1990,7.25998081118041
5,"corals",1990,69.3426110672187
11,"corals",1990,60.4853475814987
1,"corals",1990,19.3544455934853
10,"corals",1990,378.566582932046
7,"corals",1990,9.80257743149859
2,"corals",1990,4.27835743067047
6,"corals",1990,90.8674629322741
9,"corals",1990,1.65301206655777
4,"corals",1991,45.4816418814209
8,"corals",1991,5.03531475950451
3,"corals",1991,8.20053442039964
5,"corals",1991,78.3261669206333
11,"corals",1991,68.3214167740023
1,"corals",1991,21.8618755896301
10,"corals",1991,427.611088030212
7,"corals",1991,11.0725325212763
2,"corals",1991,4.83263224593582
6,"corals",1991,102.639631818716
9,"corals",1991,1.86716503826943
4,"corals",1992,44.8803044686063
8,"corals",1992,4.96874013675711
3,"corals",1992,8.09211071474456
5,"corals",1992,77.2905742589932
11,"corals",1992,67.4181023310052
1,"corals",1992,21.572827895604
10,"corals",1992,421.957410310367
7,"corals",1992,10.9261365737199
2,"corals",1992,4.76873739844038
6,"corals",1992,101.282577673419
9,"corals",1992,1.8424782383439
4,"corals",1993,60.7057451619481
8,"corals",1993,6.72078935491428
3,"corals",1993,10.945505309911
5,"corals",1993,104.544342110449
11,"corals",1993,91.1906946235393
1,"corals",1993,29.1797172091193
10,"corals",1993,570.745660547258
7,"corals",1993,14.7788494374597
2,"corals",1993,6.4502627752107
6,"corals",1993,136.996270911856
9,"corals",1993,2.4921625583351
4,"corals",1994,65.9417806832855
8,"corals",1994,7.30047570420261
3,"corals",1994,11.8895848932979
5,"corals",1994,113.561575773998
11,"corals",1994,99.0561398954899
1,"corals",1994,31.6965471302731
10,"corals",1994,619.974025083467
7,"corals",1994,16.0535653710604
2,"corals",1994,7.00661547169541
6,"corals",1994,148.812571640422
9,"corals",1994,2.70711835280856
4,"corals",1995,56.804385361736
8,"corals",1995,6.28886619269945
3,"corals",1995,10.2420734634659
5,"corals",1995,97.8256189885884
11,"corals",1995,85.3301667738506
1,"corals",1995,27.3044321698282
10,"corals",1995,534.065702657533
7,"corals",1995,13.8290610947769
2,"corals",1995,6.03572547194758
6,"corals",1995,128.191968408219
9,"corals",1995,2.33199941735488
4,"corals",1996,51.1576803877447
8,"corals",1996,5.6637142473885
3,"corals",1996,9.22394842255851
5,"corals",1996,88.1011513122118
11,"corals",1996,76.8478238335118
1,"corals",1996,24.5902038234859
10,"corals",1996,480.976289922405
7,"corals",1996,12.4543674408938
2,"corals",1996,5.43573726985622
6,"corals",1996,115.44889899506
9,"corals",1996,2.10018434488351
4,"corals",1997,57.3910560083844
8,"corals",1997,6.35381704416032
3,"corals",1997,10.3478526884953
5,"corals",1997,98.8359532926275
11,"corals",1997,86.2114491572625
1,"corals",1997,27.5864299200976
10,"corals",1997,539.581485798845
7,"corals",1997,13.971886409466
2,"corals",1997,6.0980619085285
6,"corals",1997,129.515923671924
9,"corals",1997,2.35608410020905
4,"corals",1998,90.9926172951743
8,"corals",1998,10.0738770615821
3,"corals",1998,16.4063578020507
5,"corals",1998,156.702850556468
11,"corals",1998,136.686897667175
1,"corals",1998,43.7378510667736
10,"corals",1998,855.497965217489
7,"corals",1998,22.152206308287
2,"corals",1998,9.66838131370069
6,"corals",1998,205.345461400618
9,"corals",1998,3.73553431068156
4,"corals",1999,145.43565330415
8,"corals",1999,16.1013160771515
3,"corals",1999,26.2226698847736
5,"corals",1999,250.461873971299
11,"corals",1999,218.469902847793
1,"corals",1999,69.9072422917678
10,"corals",1999,1367.36264073124
7,"corals",1999,35.4063955114401
2,"corals",1999,15.4532026284101
6,"corals",1999,328.208509872425
9,"corals",1999,5.97059287954841
4,"corals",2000,166.189127429339
8,"corals",2000,18.39895244758
3,"corals",2000,29.9646099701865
5,"corals",2000,286.202449976683
11,"corals",2000,249.645267160987
1,"corals",2000,79.8829127075455
10,"corals",2000,1562.48346935515
7,"corals",2000,40.4588410185687
2,"corals",2000,17.6583540724601
6,"corals",2000,375.043427325983
9,"corals",2000,6.82258853551463
4,"corals",2001,156.626395888969
8,"corals",2001,17.3402535687677
3,"corals",2001,28.2404086022082
5,"corals",2001,269.734000820846
11,"corals",2001,235.280364311374
1,"corals",2001,75.2863493781553
10,"corals",2001,1472.57620415177
7,"corals",2001,38.1307883891356
2,"corals",2001,16.6422701561911
6,"corals",2001,353.462956527594
9,"corals",2001,6.43000820499168
4,"corals",2002,149.30767957203
8,"corals",2002,16.5299916967933
3,"corals",2002,26.9208127699672
5,"corals",2002,257.130080377958
11,"corals",2002,224.286366578311
1,"corals",2002,71.7684274435454
10,"corals",2002,1403.7668094639
7,"corals",2002,36.3490425883884
2,"corals",2002,15.8646231098441
6,"corals",2002,336.946614612877
9,"corals",2002,6.12955178638592
4,"corals",2003,99.2206731144187
8,"corals",2003,10.9848127533209
3,"corals",2003,17.8899114330872
5,"corals",2003,170.872789170617
11,"corals",2003,149.046883094526
1,"corals",2003,47.692869514301
10,"corals",2003,932.856823774389
7,"corals",2003,24.1553313468023
2,"corals",2003,10.5426498367481
6,"corals",2003,223.913933974078
9,"corals",2003,4.07332198771127
4,"corals",2004,70.767146751969
8,"corals",2004,7.83469645746833
3,"corals",2004,12.7596190191642
5,"corals",2004,121.87157542472
11,"corals",2004,106.304687499052
1,"corals",2004,34.0159786262384
10,"corals",2004,665.341341420758
7,"corals",2004,17.2283035843786
2,"corals",2004,7.51933266257348
6,"corals",2004,159.702103684394
9,"corals",2004,2.90521486928409
4,"corals",2005,50.6150100395948
8,"corals",2005,5.60363470978719
3,"corals",2005,9.12610263940637
5,"corals",2005,87.1665920809756
11,"corals",2005,76.0326376288558
1,"corals",2005,24.3293559044868
10,"corals",2005,475.874190516691
7,"corals",2005,12.3222540248063
2,"corals",2005,5.37807606601887
6,"corals",2005,114.224240376133
9,"corals",2005,2.0779060132434
4,"corals",2006,21.2228106425076
8,"corals",2006,2.34959705159724
3,"corals",2006,3.8265634654364
5,"corals",2006,36.5488434486154
11,"corals",2006,31.880390219923
1,"corals",2006,10.2012686159931
10,"corals",2006,199.533455136961
7,"corals",2006,5.16670575887997
2,"corals",2006,2.25502059331478
6,"corals",2006,47.8940816645219
9,"corals",2006,0.871263402249551
4,"corals",2007,13.5667587037454
8,"corals",2007,1.50198844003279
3,"corals",2007,2.4461445788035
5,"corals",2007,23.3639807809048
11,"corals",2007,20.3796551163986
1,"corals",2007,6.52119797497834
10,"corals",2007,127.55248514284
7,"corals",2007,3.30283540218657
2,"corals",2007,1.44153009593378
6,"corals",2007,30.616465473174
9,"corals",2007,0.55695829100265
4,"corals",2008,17.013448752805
8,"corals",2008,1.88357469236544
3,"corals",2008,3.06759752585088
5,"corals",2008,29.2996948171347
11,"corals",2008,25.5571891189431
1,"corals",2008,8.17793475781067
10,"corals",2008,159.957711098048
7,"corals",2008,4.14193412598532
2,"corals",2008,1.80775666084668
6,"corals",2008,38.3947026474398
9,"corals",2008,0.698455802770891
4,"corals",2009,32.2815523318308
8,"corals",2009,3.57392060163477
3,"corals",2009,5.82050185723947
5,"corals",2009,55.5936450797529
11,"corals",2009,48.4925631472361
1,"corals",2009,15.5169262085701
10,"corals",2009,303.505967350692
7,"corals",2009,7.85896294077043
2,"corals",2009,3.43006242286512
6,"corals",2009,72.8506383853577
9,"corals",2009,1.32525967405063
4,"corals",2010,35.4153513693447
8,"corals",2010,3.92086639985496
3,"corals",2010,6.38553921760454
5,"corals",2010,60.9905141538286
11,"corals",2010,53.2000798786276
1,"corals",2010,17.0232641912588
10,"corals",2010,332.9694422972
7,"corals",2010,8.62188816340164
2,"corals",2010,3.76304288826821
6,"corals",2010,79.9227660856477
9,"corals",2010,1.45391202162998
4,"corals",2011,47.432321781527
8,"corals",2011,5.25127634061193
3,"corals",2011,8.55225034362219
5,"corals",2011,81.6855284815634
11,"corals",2011,71.2516806988466
1,"corals",2011,22.7995181092756
10,"corals",2011,445.951066975074
7,"corals",2011,11.5474266926177
2,"corals",2011,5.03990089756738
6,"corals",2011,107.041783070535
9,"corals",2011,1.94724660875954
4,"fish_oil",1976,694.481155814213
8,"fish_oil",1976,76.8866529310047
3,"fish_oil",1976,125.217920615566
5,"fish_oil",1976,1196.00007131139
11,"fish_oil",1976,1043.23270940348
1,"fish_oil",1976,333.819536843829
10,"fish_oil",1976,6529.4002232471
7,"fish_oil",1976,169.071846685192
2,"fish_oil",1976,73.791795743274
6,"fish_oil",1976,1567.25410933165
9,"fish_oil",1976,28.5106447400031
4,"fish_oil",1977,688.648671802114
8,"fish_oil",1977,76.2409332160643
3,"fish_oil",1977,124.166298820066
5,"fish_oil",1977,1185.95566443873
11,"fish_oil",1977,1034.47129370839
1,"fish_oil",1977,331.0160092099
10,"fish_oil",1977,6474.56414585054
7,"fish_oil",1977,167.65192501499
2,"fish_oil",1977,73.1720676695984
6,"fish_oil",1977,1554.09178741831
9,"fish_oil",1977,28.2712028512945
4,"fish_oil",1978,666.061851906149
8,"fish_oil",1978,73.7403254348205
3,"fish_oil",1978,120.093798656436
5,"fish_oil",1978,1147.05779373322
11,"fish_oil",1978,1000.54192194704
1,"fish_oil",1978,320.159095824531
10,"fish_oil",1978,6262.20649491003
7,"fish_oil",1978,162.153150399458
2,"fish_oil",1978,70.772114861233
6,"fish_oil",1978,1503.11950976567
9,"fish_oil",1978,27.343942561409
4,"fish_oil",1979,563.717157598327
8,"fish_oil",1979,62.4096493974705
3,"fish_oil",1979,101.640612850068
5,"fish_oil",1979,970.804974393595
11,"fish_oil",1979,846.802210160844
1,"fish_oil",1979,270.964588290046
10,"fish_oil",1979,5299.97812590815
7,"fish_oil",1979,137.237274251936
2,"fish_oil",1979,59.8975234996915
6,"fish_oil",1979,1272.15551401237
9,"fish_oil",1979,23.1423696374993
4,"fish_oil",1980,513.278148752727
8,"fish_oil",1980,56.8254999431216
3,"fish_oil",1980,92.5462439781702
5,"fish_oil",1980,883.941482603832
11,"fish_oil",1980,771.033957247012
1,"fish_oil",1980,246.71983171064
10,"fish_oil",1980,4825.75867033385
7,"fish_oil",1980,124.957867821537
2,"fish_oil",1980,54.5381483646469
6,"fish_oil",1980,1158.32846021535
9,"fish_oil",1980,21.0716890291122
4,"fish_oil",1981,454.46441642622
8,"fish_oil",1981,50.3141770841686
3,"fish_oil",1981,81.9418766689788
5,"fish_oil",1981,782.655468623909
11,"fish_oil",1981,682.685398309976
1,"fish_oil",1981,218.449557246139
10,"fish_oil",1981,4272.80141041733
7,"fish_oil",1981,110.639630023949
2,"fish_oil",1981,48.2889205974097
6,"fish_oil",1981,1025.60194502894
9,"fish_oil",1981,18.6571995729818
4,"fish_oil",1982,420.232184194283
8,"fish_oil",1982,46.5242949014264
3,"fish_oil",1982,75.7696588885167
5,"fish_oil",1982,723.702461983226
11,"fish_oil",1982,631.262571237895
1,"fish_oil",1982,201.994988517924
10,"fish_oil",1982,3950.95546412177
7,"fish_oil",1982,102.305772911837
2,"fish_oil",1982,44.651589522913
6,"fish_oil",1982,948.349155391762
9,"fish_oil",1982,17.251858328441
4,"fish_oil",1983,378.59323504841
8,"fish_oil",1983,41.9144082189907
3,"fish_oil",1983,68.2619783920593
5,"fish_oil",1983,651.993984754049
11,"fish_oil",1983,568.713554075241
1,"fish_oil",1983,181.980198192558
10,"fish_oil",1983,3559.47275566716
7,"fish_oil",1983,92.1687462017751
2,"fish_oil",1983,40.2272609365822
6,"fish_oil",1983,854.381430550313
9,"fish_oil",1983,15.5424479628664
4,"fish_oil",1984,368.282498433563
8,"fish_oil",1984,40.7728970045657
3,"fish_oil",1984,66.4029085121686
5,"fish_oil",1984,634.237359360561
11,"fish_oil",1984,553.225016186778
1,"fish_oil",1984,177.024087731574
10,"fish_oil",1984,3462.5328669586
7,"fish_oil",1984,89.6585912961133
2,"fish_oil",1984,39.1316980636725
6,"fish_oil",1984,831.112916790701
9,"fish_oil",1984,15.1191596617044
4,"fish_oil",1985,361.110449778286
8,"fish_oil",1985,39.9788728454565
3,"fish_oil",1985,65.1097574861849
5,"fish_oil",1985,621.886022493683
11,"fish_oil",1985,542.451339049568
1,"fish_oil",1985,173.576665234532
10,"fish_oil",1985,3395.10241805606
7,"fish_oil",1985,87.9125518240385
2,"fish_oil",1985,38.3696351264708
6,"fish_oil",1985,814.927563691909
9,"fish_oil",1985,14.8247244138122
4,"fish_oil",1986,373.225198631576
8,"fish_oil",1986,41.3201079281236
3,"fish_oil",1986,67.2940984830408
5,"fish_oil",1986,642.749425872091
11,"fish_oil",1986,560.649820267022
1,"fish_oil",1986,179.399918777593
10,"fish_oil",1986,3509.00333992415
7,"fish_oil",1986,90.8618945723694
2,"fish_oil",1986,39.6568825418668
6,"fish_oil",1986,842.267239887414
9,"fish_oil",1986,15.3220731147507
4,"fish_oil",1987,371.875856144285
8,"fish_oil",1987,41.1707209697636
3,"fish_oil",1987,67.0508062654733
5,"fish_oil",1987,640.425656972801
11,"fish_oil",1987,558.622870785175
1,"fish_oil",1987,178.751323951974
10,"fish_oil",1987,3496.31703869913
7,"fish_oil",1987,90.5333963485844
2,"fish_oil",1987,39.5135087377307
6,"fish_oil",1987,839.222142780893
9,"fish_oil",1987,15.2666783441862
4,"fish_oil",1988,409.642779022279
8,"fish_oil",1988,45.3519320325576
3,"fish_oil",1988,73.8603438767371
5,"fish_oil",1988,705.46592779532
11,"fish_oil",1988,615.355424217312
1,"fish_oil",1988,196.904929125562
10,"fish_oil",1988,3851.39557842109
7,"fish_oil",1988,99.7277759816983
2,"fish_oil",1988,43.5264168426274
6,"fish_oil",1988,924.451762881891
9,"fish_oil",1988,16.8171298029233
4,"fish_oil",1989,410.742786484745
8,"fish_oil",1989,45.4737148790467
3,"fish_oil",1989,74.0586799236672
5,"fish_oil",1989,707.360304615393
11,"fish_oil",1989,617.007828686209
1,"fish_oil",1989,197.433674907317
10,"fish_oil",1989,3861.73767181105
7,"fish_oil",1989,99.9955734467405
2,"fish_oil",1989,43.6432976612166
6,"fish_oil",1989,926.934179001337
9,"fish_oil",1989,16.8622885832748
4,"fish_oil",1990,449.873718616196
8,"fish_oil",1990,49.8059366714872
3,"fish_oil",1990,81.1141542331242
5,"fish_oil",1990,774.749602694803
11,"fish_oil",1990,675.789363659778
1,"fish_oil",1990,216.242924850282
10,"fish_oil",1990,4229.64040733656
7,"fish_oil",1990,109.522021936507
2,"fish_oil",1990,47.801137981164
6,"fish_oil",1990,1015.24199509045
9,"fish_oil",1990,18.4687369296479
4,"fish_oil",1991,453.159074237427
8,"fish_oil",1991,50.1696614396682
3,"fish_oil",1991,81.7065178932885
5,"fish_oil",1991,780.407474797422
11,"fish_oil",1991,680.724545006884
1,"fish_oil",1991,217.82211225179
10,"fish_oil",1991,4260.52879292791
7,"fish_oil",1991,110.321843698766
2,"fish_oil",1991,48.1502220260171
6,"fish_oil",1991,1022.6561445672
9,"fish_oil",1991,18.6036111536312
4,"fish_oil",1992,391.807991364166
8,"fish_oil",1992,43.3774261481469
3,"fish_oil",1992,70.6446554358452
5,"fish_oil",1992,674.75176495253
11,"fish_oil",1992,588.564439761592
1,"fish_oil",1992,188.332197517374
10,"fish_oil",1992,3683.71577092521
7,"fish_oil",1992,95.3858864151482
2,"fish_oil",1992,41.6313891705674
6,"fish_oil",1992,884.203522865264
9,"fish_oil",1992,16.0849554441565
4,"fish_oil",1993,354.730406495984
8,"fish_oil",1993,39.2725323358195
3,"fish_oil",1993,63.9594084139909
5,"fish_oil",1993,610.898636937258
11,"fish_oil",1993,532.867393129964
1,"fish_oil",1993,170.509939700353
10,"fish_oil",1993,3335.11827639429
7,"fish_oil",1993,86.359326526794
2,"fish_oil",1993,37.6917263786533
6,"fish_oil",1993,800.529550199119
9,"fish_oil",1993,14.5628034877731
4,"fish_oil",1994,295.110002030336
8,"fish_oil",1994,32.6719020561078
3,"fish_oil",1994,53.2095946703841
5,"fish_oil",1994,508.223413289281
11,"fish_oil",1994,443.307070915737
1,"fish_oil",1994,141.851918329231
10,"fish_oil",1994,2774.57681465846
7,"fish_oil",1994,71.8447039215092
2,"fish_oil",1994,31.3567860111173
6,"fish_oil",1994,665.982596525117
9,"fish_oil",1994,12.1151975927182
4,"fish_oil",1995,269.179159448474
8,"fish_oil",1995,29.801074421537
3,"fish_oil",1995,48.5341529240872
5,"fish_oil",1995,463.566637050752
11,"fish_oil",1995,404.354389568934
1,"fish_oil",1995,129.387617767327
10,"fish_oil",1995,2530.77919981247
7,"fish_oil",1995,65.5318250122488
2,"fish_oil",1995,28.6015155142406
6,"fish_oil",1995,607.463773869364
9,"fish_oil",1995,11.0506546105639
4,"fish_oil",1996,281.411242431094
8,"fish_oil",1996,31.1552996744963
3,"fish_oil",1996,50.739649765949
5,"fish_oil",1996,484.632107289968
11,"fish_oil",1996,422.729127263071
1,"fish_oil",1996,135.267270860443
10,"fish_oil",1996,2645.78327830883
7,"fish_oil",1996,68.5097328235176
2,"fish_oil",1996,29.9012302169528
6,"fish_oil",1996,635.06824111761
9,"fish_oil",1996,11.5528202480734
4,"fish_oil",1997,258.105750992985
8,"fish_oil",1997,28.575127100213
3,"fish_oil",1997,46.5375700516584
5,"fish_oil",1997,444.496577062014
11,"fish_oil",1997,387.720184582036
1,"fish_oil",1997,124.064910230993
10,"fish_oil",1997,2426.66879302021
7,"fish_oil",1997,62.8359971974911
2,"fish_oil",1997,27.4249152737758
6,"fish_oil",1997,582.474118266936
9,"fish_oil",1997,10.5960562216915
4,"fish_oil",1998,241.634972588329
8,"fish_oil",1998,26.7516319454488
3,"fish_oil",1998,43.5678183089597
5,"fish_oil",1998,416.131441476115
11,"fish_oil",1998,362.978181667748
1,"fish_oil",1998,116.147823392182
10,"fish_oil",1998,2271.81318132787
7,"fish_oil",1998,58.8261764875933
2,"fish_oil",1998,25.6748198167664
6,"fish_oil",1998,545.304074238423
9,"fish_oil",1998,9.91987875056072
4,"fish_oil",1999,237.396277166294
8,"fish_oil",1999,26.282362043644
3,"fish_oil",1999,42.8035634081227
5,"fish_oil",1999,408.831776129432
11,"fish_oil",1999,356.610916447598
1,"fish_oil",1999,114.110389646486
10,"fish_oil",1999,2231.96164813189
7,"fish_oil",1999,57.7942635889642
2,"fish_oil",1999,25.2244390624693
6,"fish_oil",1999,535.738497458155
9,"fish_oil",1999,9.74586691693935
4,"fish_oil",2000,240.784300150689
8,"fish_oil",2000,26.6574532108306
3,"fish_oil",2000,43.4144384326672
5,"fish_oil",2000,414.666456735258
11,"fish_oil",2000,361.700322211801
1,"fish_oil",2000,115.738926654291
10,"fish_oil",2000,2263.81529577297
7,"fish_oil",2000,58.619079781294
2,"fish_oil",2000,25.5844319837241
6,"fish_oil",2000,543.384339106051
9,"fish_oil",2000,9.88495596042217
4,"fish_oil",2001,292.748652677575
8,"fish_oil",2001,32.4104748789778
3,"fish_oil",2001,52.783833289641
5,"fish_oil",2001,504.156817715524
11,"fish_oil",2001,439.759909322504
1,"fish_oil",2001,140.716877384397
10,"fish_oil",2001,2752.37578751468
7,"fish_oil",2001,71.2698320298854
2,"fish_oil",2001,31.1058818538791
6,"fish_oil",2001,660.653676588705
9,"fish_oil",2001,12.0182567442302
4,"fish_oil",2002,378.666568879241
8,"fish_oil",2002,41.9225270754233
3,"fish_oil",2002,68.275200795188
5,"fish_oil",2002,652.120276542054
11,"fish_oil",2002,568.823714373167
1,"fish_oil",2002,182.015447911341
10,"fish_oil",2002,3560.16222855982
7,"fish_oil",2002,92.1865993661113
2,"fish_oil",2002,40.2350529911548
6,"fish_oil",2002,854.546924958276
9,"fish_oil",2002,15.5454585482232
4,"fish_oil",2003,405.389416834078
8,"fish_oil",2003,44.8810383594662
3,"fish_oil",2003,73.0934444952744
5,"fish_oil",2003,698.141004091036
11,"fish_oil",2003,608.966126937576
1,"fish_oil",2003,194.860445436109
10,"fish_oil",2003,3811.40615064658
7,"fish_oil",2003,98.692292450202
2,"fish_oil",2003,43.0744776774157
6,"fish_oil",2003,914.853087220031
9,"fish_oil",2003,16.6425158522305
4,"fish_oil",2004,430.381586381301
8,"fish_oil",2004,47.6479446316996
3,"fish_oil",2004,77.5996394815243
5,"fish_oil",2004,741.181245443103
11,"fish_oil",2004,646.50875647092
1,"fish_oil",2004,206.873549597583
10,"fish_oil",2004,4046.37851246647
7,"fish_oil",2004,104.77665085596
2,"fish_oil",2004,45.7300098757629
6,"fish_oil",2004,971.253581453856
9,"fish_oil",2004,17.6685233418181
4,"fish_oil",2005,441.425661304458
8,"fish_oil",2005,48.8706444104506
3,"fish_oil",2005,79.5909333927017
5,"fish_oil",2005,760.20078871664
11,"fish_oil",2005,663.098897338648
1,"fish_oil",2005,212.182157246403
10,"fish_oil",2005,4150.21313010167
7,"fish_oil",2005,107.465337404983
2,"fish_oil",2005,46.9034932943987
6,"fish_oil",2005,996.177039293099
9,"fish_oil",2005,18.1219174965479
4,"fish_oil",2006,392.409328776981
8,"fish_oil",2006,43.4440007708943
3,"fish_oil",2006,70.7530791415003
5,"fish_oil",2006,675.787357614171
11,"fish_oil",2006,589.467754204589
1,"fish_oil",2006,188.6212452114
10,"fish_oil",2006,3689.36944864505
7,"fish_oil",2006,95.5322823627046
2,"fish_oil",2006,41.6952840180629
6,"fish_oil",2006,885.560577010561
9,"fish_oil",2006,16.1096422440821
4,"fish_oil",2007,338.846298737977
8,"fish_oil",2007,37.5139880325162
3,"fish_oil",2007,61.0954358963215
5,"fish_oil",2007,583.543835655398
11,"fish_oil",2007,509.006672599089
1,"fish_oil",2007,162.87485061181
10,"fish_oil",2007,3185.77844784327
7,"fish_oil",2007,82.4923311315853
2,"fish_oil",2007,36.0039673582249
6,"fish_oil",2007,764.683461434311
9,"fish_oil",2007,13.9107106994965
4,"fish_oil",2008,313.062123817778
8,"fish_oil",2008,34.6593981108107
3,"fish_oil",2008,56.4464389562819
5,"fish_oil",2008,539.139642992879
11,"fish_oil",2008,470.274311848139
1,"fish_oil",2008,150.481049487473
10,"fish_oil",2008,2943.35977878261
7,"fish_oil",2008,76.2151585509972
2,"fish_oil",2008,33.2642809704934
6,"fish_oil",2008,706.495627594485
9,"fish_oil",2008,12.8521888880558
4,"fish_oil",2009,314.983470185552
8,"fish_oil",2009,34.872112149345
3,"fish_oil",2009,56.792865918253
5,"fish_oil",2009,542.448487838607
11,"fish_oil",2009,473.160511653813
1,"fish_oil",2009,151.404592119605
10,"fish_oil",2009,2961.4239685704
7,"fish_oil",2009,76.6829114566041
2,"fish_oil",2009,33.468432800296
6,"fish_oil",2009,710.831581083118
9,"fish_oil",2009,12.9310662244032
4,"fish_oil",2010,282.110358285017
8,"fish_oil",2010,31.2326994391539
3,"fish_oil",2010,50.8657033424423
5,"fish_oil",2010,485.836089002281
11,"fish_oil",2010,423.779322103303
1,"fish_oil",2010,135.603318179514
10,"fish_oil",2010,2652.35625321889
7,"fish_oil",2010,68.6799329901889
2,"fish_oil",2010,29.9755144705451
6,"fish_oil",2010,636.645954473525
9,"fish_oil",2010,11.5815211618079
4,"fish_oil",2011,351.210382616093
8,"fish_oil",2011,38.8828272270542
3,"fish_oil",2011,63.3247330638148
5,"fish_oil",2011,604.836631113023
11,"fish_oil",2011,527.579698829493
1,"fish_oil",2011,168.817953198737
10,"fish_oil",2011,3302.02357754642
7,"fish_oil",2011,85.5023746386591
2,"fish_oil",2011,37.3177077591678
6,"fish_oil",2011,792.58581861689
9,"fish_oil",2011,14.4182953906481
4,"ornamentals",1988,0.0586670646648448
8,"ornamentals",1988,0.00649508514608773
3,"ornamentals",1988,0.0105779225029341
5,"ornamentals",1988,0.101033430403913
11,"ornamentals",1988,0.0881282383411832
1,"ornamentals",1988,0.0281997750269334
10,"ornamentals",1988,0.551578314131198
7,"ornamentals",1988,0.0142825314689149
2,"ornamentals",1988,0.006233643658092
6,"ornamentals",1988,0.132395526370482
9,"ornamentals",1988,0.00240846828541687
4,"ornamentals",1989,0.190667960160746
8,"ornamentals",1989,0.0211090267247851
3,"ornamentals",1989,0.0343782481345357
5,"ornamentals",1989,0.328358648812716
11,"ornamentals",1989,0.286416774608845
1,"ornamentals",1989,0.0916492688375334
10,"ornamentals",1989,1.79262952092639
7,"ornamentals",1989,0.0464182272739734
2,"ornamentals",1989,0.020259341888799
6,"ornamentals",1989,0.430285460704066
9,"ornamentals",1989,0.00782752192760481
4,"ornamentals",1990,0.220001492493168
8,"ornamentals",1990,0.024356569297829
3,"ornamentals",1990,0.0396672093860028
5,"ornamentals",1990,0.378875364014672
11,"ornamentals",1990,0.330480893779437
1,"ornamentals",1990,0.105749156351
10,"ornamentals",1990,2.06841867799199
7,"ornamentals",1990,0.0535594930084309
2,"ornamentals",1990,0.023376163717845
6,"ornamentals",1990,0.496483223889307
9,"ornamentals",1990,0.00903175607031325
4,"ornamentals",1991,0.322668855656646
8,"ornamentals",1991,0.0357229683034825
3,"ornamentals",1991,0.0581785737661374
5,"ornamentals",1991,0.555683867221519
11,"ornamentals",1991,0.484705310876508
1,"ornamentals",1991,0.155098762648133
10,"ornamentals",1991,3.03368072772159
7,"ornamentals",1991,0.078553923079032
2,"ornamentals",1991,0.034285040119506
6,"ornamentals",1991,0.728175395037651
9,"ornamentals",1991,0.0132465755697928
4,"ornamentals",1992,0.308002089490435
8,"ornamentals",1992,0.0340991970169606
3,"ornamentals",1992,0.0555340931404039
5,"ornamentals",1992,0.530425509620541
11,"ornamentals",1992,0.462673251291212
1,"ornamentals",1992,0.1480488188914
10,"ornamentals",1992,2.89578614918879
7,"ornamentals",1992,0.0749832902118033
2,"ornamentals",1992,0.032726629204983
6,"ornamentals",1992,0.69507651344503
9,"ornamentals",1992,0.0126444584984385
4,"ornamentals",1993,0.264001790991802
8,"ornamentals",1993,0.0292278831573948
3,"ornamentals",1993,0.0476006512632033
5,"ornamentals",1993,0.454650436817607
11,"ornamentals",1993,0.396577072535324
1,"ornamentals",1993,0.1268989876212
10,"ornamentals",1993,2.48210241359039
7,"ornamentals",1993,0.0642713916101171
2,"ornamentals",1993,0.028051396461414
6,"ornamentals",1993,0.595779868667169
9,"ornamentals",1993,0.0108381072843759
4,"ornamentals",1994,0.234668258659379
8,"ornamentals",1994,0.0259803405843509
3,"ornamentals",1994,0.0423116900117363
5,"ornamentals",1994,0.40413372161565
11,"ornamentals",1994,0.352512953364733
1,"ornamentals",1994,0.112799100107733
10,"ornamentals",1994,2.20631325652479
7,"ornamentals",1994,0.0571301258756596
2,"ornamentals",1994,0.024934574632368
6,"ornamentals",1994,0.529582105481928
9,"ornamentals",1994,0.00963387314166746
4,"ornamentals",1995,0.190667960160746
8,"ornamentals",1995,0.0211090267247851
3,"ornamentals",1995,0.0343782481345357
5,"ornamentals",1995,0.328358648812716
11,"ornamentals",1995,0.286416774608845
1,"ornamentals",1995,0.0916492688375334
10,"ornamentals",1995,1.79262952092639
7,"ornamentals",1995,0.0464182272739734
2,"ornamentals",1995,0.020259341888799
6,"ornamentals",1995,0.430285460704066
9,"ornamentals",1995,0.00782752192760481
4,"ornamentals",1996,0.308002089490435
8,"ornamentals",1996,0.0340991970169606
3,"ornamentals",1996,0.0555340931404039
5,"ornamentals",1996,0.530425509620541
11,"ornamentals",1996,0.462673251291212
1,"ornamentals",1996,0.1480488188914
10,"ornamentals",1996,2.89578614918879
7,"ornamentals",1996,0.0749832902118033
2,"ornamentals",1996,0.032726629204983
6,"ornamentals",1996,0.69507651344503
9,"ornamentals",1996,0.0126444584984385
4,"ornamentals",1997,0.337335621822858
8,"ornamentals",1997,0.0373467395900045
3,"ornamentals",1997,0.0608230543918709
5,"ornamentals",1997,0.580942224822498
11,"ornamentals",1997,0.506737370461803
1,"ornamentals",1997,0.162148706404867
10,"ornamentals",1997,3.17157530625439
7,"ornamentals",1997,0.0821245559462607
2,"ornamentals",1997,0.035843451034029
6,"ornamentals",1997,0.761274276630271
9,"ornamentals",1997,0.013848692641147
4,"ornamentals",1998,0.454669751152547
8,"ornamentals",1998,0.0503369098821799
3,"ornamentals",1998,0.081978899397739
5,"ornamentals",1998,0.783009085630323
11,"ornamentals",1998,0.68299384714417
1,"ornamentals",1998,0.218548256458733
10,"ornamentals",1998,4.27473193451679
7,"ornamentals",1998,0.110689618884091
2,"ornamentals",1998,0.048310738350213
6,"ornamentals",1998,1.02606532937124
9,"ornamentals",1998,0.0186656292119807
4,"ornamentals",1999,0.454669751152547
8,"ornamentals",1999,0.0503369098821799
3,"ornamentals",1999,0.081978899397739
5,"ornamentals",1999,0.783009085630323
11,"ornamentals",1999,0.68299384714417
1,"ornamentals",1999,0.218548256458733
10,"ornamentals",1999,4.27473193451679
7,"ornamentals",1999,0.110689618884091
2,"ornamentals",1999,0.048310738350213
6,"ornamentals",1999,1.02606532937124
9,"ornamentals",1999,0.0186656292119807
4,"ornamentals",2000,0.396002686487702
8,"ornamentals",2000,0.0438418247360922
3,"ornamentals",2000,0.071400976894805
5,"ornamentals",2000,0.68197565522641
11,"ornamentals",2000,0.594865608802987
1,"ornamentals",2000,0.1903484814318
10,"ornamentals",2000,3.72315362038559
7,"ornamentals",2000,0.0964070874151756
2,"ornamentals",2000,0.042077094692121
6,"ornamentals",2000,0.893669803000753
9,"ornamentals",2000,0.0162571609265638
4,"ornamentals",2001,0.278668557158013
8,"ornamentals",2001,0.0308516544439167
3,"ornamentals",2001,0.0502451318889368
5,"ornamentals",2001,0.479908794418585
11,"ornamentals",2001,0.41860913212062
1,"ornamentals",2001,0.133948931377933
10,"ornamentals",2001,2.61999699212319
7,"ornamentals",2001,0.0678420244773458
2,"ornamentals",2001,0.029609807375937
6,"ornamentals",2001,0.628878750259789
9,"ornamentals",2001,0.0114402243557301
4,"ornamentals",2002,0.381335920321491
8,"ornamentals",2002,0.0422180534495702
3,"ornamentals",2002,0.0687564962690714
5,"ornamentals",2002,0.656717297625432
11,"ornamentals",2002,0.572833549217691
1,"ornamentals",2002,0.183298537675067
10,"ornamentals",2002,3.58525904185279
7,"ornamentals",2002,0.0928364545479469
2,"ornamentals",2002,0.040518683777598
6,"ornamentals",2002,0.860570921408133
9,"ornamentals",2002,0.0156550438552096
4,"ornamentals",2003,0.689338009811926
8,"ornamentals",2003,0.0763172504665308
3,"ornamentals",2003,0.124290589409475
5,"ornamentals",2003,1.18714280724597
11,"ornamentals",2003,1.0355068005089
1,"ornamentals",2003,0.331347356566467
10,"ornamentals",2003,6.48104519104158
7,"ornamentals",2003,0.16781974475975
2,"ornamentals",2003,0.073245312982581
6,"ornamentals",2003,1.55564743485316
9,"ornamentals",2003,0.0282995023536482
4,"ornamentals",2004,0.850672437640249
8,"ornamentals",2004,0.0941787346182721
3,"ornamentals",2004,0.153379876292544
5,"ornamentals",2004,1.46498474085673
11,"ornamentals",2004,1.27785945594716
1,"ornamentals",2004,0.408896737890534
10,"ornamentals",2004,7.99788555490238
7,"ornamentals",2004,0.207096706299266
2,"ornamentals",2004,0.090387833042334
6,"ornamentals",2004,1.91973513237199
9,"ornamentals",2004,0.0349227901385446
4,"ornamentals",2005,1.15867452713068
8,"ornamentals",2005,0.128277931635233
3,"ornamentals",2005,0.208913969432948
5,"ornamentals",2005,1.99541025047727
11,"ornamentals",2005,1.74053270723837
1,"ornamentals",2005,0.556945556781934
10,"ornamentals",2005,10.8936717040912
7,"ornamentals",2005,0.282079996511069
2,"ornamentals",2005,0.123114462247317
6,"ornamentals",2005,2.61481164581702
9,"ornamentals",2005,0.0475672486369831
4,"ornamentals",2006,0.953339800803728
8,"ornamentals",2006,0.105545133623926
3,"ornamentals",2006,0.171891240672679
5,"ornamentals",2006,1.64179324406358
11,"ornamentals",2006,1.43208387304423
1,"ornamentals",2006,0.458246344187667
10,"ornamentals",2006,8.96314760463197
7,"ornamentals",2006,0.232091136369867
2,"ornamentals",2006,0.101296709443995
6,"ornamentals",2006,2.15142730352033
9,"ornamentals",2006,0.0391376096380241
4,"ornamentals",2007,0.601337412814659
8,"ornamentals",2007,0.0665746227473992
3,"ornamentals",2007,0.108423705655074
5,"ornamentals",2007,1.0355926616401
11,"ornamentals",2007,0.903314442997128
1,"ornamentals",2007,0.289047694026067
10,"ornamentals",2007,5.65367771984478
7,"ornamentals",2007,0.146395947556378
2,"ornamentals",2007,0.063894847495443
6,"ornamentals",2007,1.35705414529744
9,"ornamentals",2007,0.0246867999255229
4,"ornamentals",2008,0.396002686487702
8,"ornamentals",2008,0.0438418247360922
3,"ornamentals",2008,0.071400976894805
5,"ornamentals",2008,0.68197565522641
11,"ornamentals",2008,0.594865608802987
1,"ornamentals",2008,0.1903484814318
10,"ornamentals",2008,3.72315362038559
7,"ornamentals",2008,0.0964070874151756
2,"ornamentals",2008,0.042077094692121
6,"ornamentals",2008,0.893669803000753
9,"ornamentals",2008,0.0162571609265638
4,"ornamentals",2009,0.102667363163478
8,"ornamentals",2009,0.0113663990056535
3,"ornamentals",2009,0.0185113643801346
5,"ornamentals",2009,0.176808503206847
11,"ornamentals",2009,0.154224417097071
1,"ornamentals",2009,0.0493496062971334
10,"ornamentals",2009,0.965262049729597
7,"ornamentals",2009,0.0249944300706011
2,"ornamentals",2009,0.010908876401661
6,"ornamentals",2009,0.231692171148343
9,"ornamentals",2009,0.00421481949947951
4,"ornamentals",2010,0.0977784411080748
8,"ornamentals",2010,0.0108251419101462
3,"ornamentals",2010,0.0176298708382235
5,"ornamentals",2010,0.168389050673188
11,"ornamentals",2010,0.146880397235306
1,"ornamentals",2010,0.046999625044889
10,"ornamentals",2010,0.919297190218666
7,"ornamentals",2010,0.0238042191148582
2,"ornamentals",2010,0.01038940609682
6,"ornamentals",2010,0.22065921061747
9,"ornamentals",2010,0.00401411380902812
4,"ornamentals",2011,0.11733412932969
8,"ornamentals",2011,0.0129901702921755
3,"ornamentals",2011,0.0211558450058681
5,"ornamentals",2011,0.202066860807825
11,"ornamentals",2011,0.176256476682366
1,"ornamentals",2011,0.0563995500538667
10,"ornamentals",2011,1.1031566282624
7,"ornamentals",2011,0.0285650629378298
2,"ornamentals",2011,0.012467287316184
6,"ornamentals",2011,0.264791052740964
9,"ornamentals",2011,0.00481693657083373
4,"seaweeds",1994,56.7114958426833
8,"seaweeds",1994,6.27858230788481
3,"seaweeds",1994,10.2253250861696
5,"seaweeds",1994,97.6656493904489
11,"seaweeds",1994,85.1906303964771
1,"seaweeds",1994,27.2597825260356
10,"seaweeds",1994,533.192370326825
7,"seaweeds",1994,13.8064470866177
2,"seaweeds",1994,6.0258555361556
6,"seaweeds",1994,127.982342158133
9,"seaweeds",1994,2.3281860092363
4,"seaweeds",1995,49.8670049651181
8,"seaweeds",1995,5.52082237417457
3,"seaweeds",1995,8.99123412749396
5,"seaweeds",1995,85.8784158433257
11,"seaweeds",1995,74.9090025900057
1,"seaweeds",1995,23.9698087728934
10,"seaweeds",1995,468.841567011519
7,"seaweeds",1995,12.1401517485777
2,"seaweeds",1995,5.2985971093782
6,"seaweeds",1995,112.53619741491
9,"seaweeds",1995,2.04719804260434
4,"seaweeds",1996,42.2842868571869
8,"seaweeds",1996,4.68133261904273
3,"seaweeds",1996,7.62403764398973
5,"seaweeds",1996,72.81984496362
11,"seaweeds",1996,63.5184277844078
1,"seaweeds",1996,20.3249878506622
10,"seaweeds",1996,397.550069910061
7,"seaweeds",1996,10.2941345562204
2,"seaweeds",1996,4.49289866656981
6,"seaweeds",1996,95.4240756315249
9,"seaweeds",1996,1.73590351671421
4,"seaweeds",1997,46.4056481498922
8,"seaweeds",1997,5.1376123505554
3,"seaweeds",1997,8.36713669982085
5,"seaweeds",1997,79.9174434494949
11,"seaweeds",1997,69.7094365278759
1,"seaweeds",1997,22.3060220463043
10,"seaweeds",1997,436.298446477778
7,"seaweeds",1997,11.2974823919117
2,"seaweeds",1997,4.93081213355077
6,"seaweeds",1997,104.724861359051
9,"seaweeds",1997,1.90509841376474
4,"seaweeds",1998,49.3683349154669
8,"seaweeds",1998,5.46561415043283
3,"seaweeds",1998,8.90132178621902
5,"seaweeds",1998,85.0196316848925
11,"seaweeds",1998,74.1599125641057
1,"seaweeds",1998,23.7301106851644
10,"seaweeds",1998,464.153151341403
7,"seaweeds",1998,12.0187502310919
2,"seaweeds",1998,5.24561113828442
6,"seaweeds",1998,111.410835440761
9,"seaweeds",1998,2.02672606217829
4,"seaweeds",1999,54.1350339194855
8,"seaweeds",1999,5.99333981855245
3,"seaweeds",1999,9.76077798958241
5,"seaweeds",1999,93.2285979052104
11,"seaweeds",1999,81.3203319293268
1,"seaweeds",1999,26.0213424061028
10,"seaweeds",1999,508.968889364563
7,"seaweeds",1999,13.1792059129412
2,"seaweeds",1999,5.75209468550439
6,"seaweeds",1999,122.167971958362
9,"seaweeds",1999,2.22241411036841
4,"seaweeds",2000,57.361722476052
8,"seaweeds",2000,6.35056950158728
3,"seaweeds",2000,10.3425637272438
5,"seaweeds",2000,98.7854365774256
11,"seaweeds",2000,86.1673850380919
1,"seaweeds",2000,27.5723300325841
10,"seaweeds",2000,539.305696641779
7,"seaweeds",2000,13.9647451437316
2,"seaweeds",2000,6.09494508669945
6,"seaweeds",2000,129.449725908739
9,"seaweeds",2000,2.35487986606634
4,"seaweeds",2001,60.6764116296157
8,"seaweeds",2001,6.71754181234124
3,"seaweeds",2001,10.9402163486596
5,"seaweeds",2001,104.493825395247
11,"seaweeds",2001,91.1466305043687
1,"seaweeds",2001,29.1656173216058
10,"seaweeds",2001,570.469871390192
7,"seaweeds",2001,14.7717081717252
2,"seaweeds",2001,6.44714595338165
6,"seaweeds",2001,136.930073148671
9,"seaweeds",2001,2.49095832419239
4,"seaweeds",2002,63.6977654598552
8,"seaweeds",2002,7.05203869736475
3,"seaweeds",2002,11.4849793575607
5,"seaweeds",2002,109.697047061048
11,"seaweeds",2002,95.6852347789397
1,"seaweeds",2002,30.6179057354929
10,"seaweeds",2002,598.876154567949
7,"seaweeds",2002,15.5072585423744
2,"seaweeds",2002,6.76817860177339
6,"seaweeds",2002,143.748442756751
9,"seaweeds",2002,2.61499444089136
4,"seaweeds",2003,73.0698290400642
8,"seaweeds",2003,8.08962854945227
3,"seaweeds",2003,13.1748024774044
5,"seaweeds",2003,125.837137568073
11,"seaweeds",2003,109.763720853944
1,"seaweeds",2003,35.1228197960455
10,"seaweeds",2003,686.990790250408
7,"seaweeds",2003,17.7888929445335
2,"seaweeds",2003,7.76400317615359
6,"seaweeds",2003,164.898628094435
9,"seaweeds",2003,2.99974724948671
4,"seaweeds",2004,83.7472348090659
8,"seaweeds",2004,9.27173404604024
3,"seaweeds",2004,15.0999843729384
5,"seaweeds",2004,144.225221901585
11,"seaweeds",2004,125.803060232039
1,"seaweeds",2004,40.2551788509474
10,"seaweeds",2004,787.378043422286
7,"seaweeds",2004,20.388313671876
2,"seaweeds",2004,8.89852632192633
6,"seaweeds",2004,188.994613893863
9,"seaweeds",2004,3.43808847743258
4,"seaweeds",2005,91.1979520215012
8,"seaweeds",2005,10.0966098595934
3,"seaweeds",2005,16.443380530811
5,"seaweeds",2005,157.056467562882
11,"seaweeds",2005,136.995346501369
1,"seaweeds",2005,43.8365502793679
10,"seaweeds",2005,857.428489316948
7,"seaweeds",2005,22.2021951684282
2,"seaweeds",2005,9.69019906650401
6,"seaweeds",2005,205.808845742914
9,"seaweeds",2005,3.74396394968052
4,"seaweeds",2006,102.887364655972
8,"seaweeds",2006,11.3907555749514
3,"seaweeds",2006,18.5510315895206
5,"seaweeds",2006,177.187378570862
11,"seaweeds",2006,154.55489799085
1,"seaweeds",2006,49.4553554534844
10,"seaweeds",2006,967.330468407589
7,"seaweeds",2006,25.0479895636095
2,"seaweeds",2006,10.9322525653788
6,"seaweeds",2006,232.188654372233
9,"seaweeds",2006,4.22385125554983
4,"seaweeds",2007,112.978099778325
8,"seaweeds",2007,12.5079102200784
3,"seaweeds",2007,20.3704342600253
5,"seaweeds",2007,194.565128600335
11,"seaweeds",2007,169.712954985534
1,"seaweeds",2007,54.3057167581169
10,"seaweeds",2007,1062.20193843816
7,"seaweeds",2007,27.5045849762629
2,"seaweeds",2007,12.0044392745707
6,"seaweeds",2007,254.960684907956
9,"seaweeds",2007,4.63810780064153
4,"seaweeds",2008,120.194148732101
8,"seaweeds",2008,13.3068056930472
3,"seaweeds",2008,21.6715187278862
5,"seaweeds",2008,206.992240540016
11,"seaweeds",2008,180.552728301499
1,"seaweeds",2008,57.7742890864297
10,"seaweeds",2008,1130.04607107629
7,"seaweeds",2008,29.2613363469394
2,"seaweeds",2008,12.771177444516
6,"seaweeds",2008,271.245334651525
9,"seaweeds",2008,4.9343493997478
4,"seaweeds",2009,127.454197984375
8,"seaweeds",2009,14.1105724798756
3,"seaweeds",2009,22.9805366376243
5,"seaweeds",2009,219.4951275525
11,"seaweeds",2009,191.458597796221
1,"seaweeds",2009,61.2640112460127
10,"seaweeds",2009,1198.30388745003
7,"seaweeds",2009,31.0287996162176
2,"seaweeds",2009,13.5425908472049
6,"seaweeds",2009,287.629281039872
9,"seaweeds",2009,5.23239735006814
4,"seaweeds",2010,128.774206939334
8,"seaweeds",2010,14.2567118956626
3,"seaweeds",2010,23.2185398939403
5,"seaweeds",2010,221.768379736588
11,"seaweeds",2010,193.441483158897
1,"seaweeds",2010,61.8985061841187
10,"seaweeds",2010,1210.71439951798
7,"seaweeds",2010,31.3501565742682
2,"seaweeds",2010,13.6828478295119
6,"seaweeds",2010,290.608180383208
9,"seaweeds",2010,5.28658788649002
4,"seaweeds",2011,130.035548829628
8,"seaweeds",2011,14.3963562263035
3,"seaweeds",2011,23.4459652277534
5,"seaweeds",2011,223.940598490272
11,"seaweeds",2011,195.336240283233
1,"seaweeds",2011,62.5048013471978
10,"seaweeds",2011,1222.5733332718
7,"seaweeds",2011,31.6572310008499
2,"seaweeds",2011,13.8168711681609
6,"seaweeds",2011,293.454684200173
9,"seaweeds",2011,5.33836995462648
