"rgn_id","product","year","usd_rel"
4,"corals",1990,0.287302287801165
8,"corals",1990,0.287302287801165
3,"corals",1990,0.287302287801165
5,"corals",1990,0.287302287801165
11,"corals",1990,0.287302287801165
1,"corals",1990,0.287302287801165
10,"corals",1990,0.287302287801165
7,"corals",1990,0.287302287801165
2,"corals",1990,0.287302287801165
6,"corals",1990,0.287302287801165
9,"corals",1990,0.287302287801165
4,"corals",1991,0.321967879962392
8,"corals",1991,0.321967879962392
3,"corals",1991,0.321967879962392
5,"corals",1991,0.321967879962392
11,"corals",1991,0.321967879962392
1,"corals",1991,0.321967879962392
10,"corals",1991,0.321967879962392
7,"corals",1991,0.321967879962392
2,"corals",1991,0.321967879962392
6,"corals",1991,0.321967879962392
9,"corals",1991,0.321967879962392
4,"corals",1992,0.321584128019648
8,"corals",1992,0.321584128019648
3,"corals",1992,0.321584128019648
5,"corals",1992,0.321584128019648
11,"corals",1992,0.321584128019648
1,"corals",1992,0.321584128019648
10,"corals",1992,0.321584128019648
7,"corals",1992,0.321584128019648
2,"corals",1992,0.321584128019648
6,"corals",1992,0.321584128019648
9,"corals",1992,0.321584128019648
4,"corals",1993,0.380490051230884
8,"corals",1993,0.380490051230884
3,"corals",1993,0.380490051230884
5,"corals",1993,0.380490051230884
11,"corals",1993,0.380490051230884
1,"corals",1993,0.380490051230884
10,"corals",1993,0.380490051230884
7,"corals",1993,0.380490051230884
2,"corals",1993,0.380490051230884
6,"corals",1993,0.380490051230884
9,"corals",1993,0.380490051230884
4,"corals",1994,0.464339850720494
8,"corals",1994,0.464339850720494
3,"corals",1994,0.464339850720494
5,"corals",1994,0.464339850720494
11,"corals",1994,0.464339850720494
1,"corals",1994,0.464339850720494
10,"corals",1994,0.464339850720494
7,"corals",1994,0.464339850720494
2,"corals",1994,0.464339850720494
6,"corals",1994,0.464339850720494
9,"corals",1994,0.464339850720494
4,"corals",1995,0.478730548573402
8,"corals",1995,0.478730548573402
3,"corals",1995,0.478730548573402
5,"corals",1995,0.478730548573402
11,"corals",1995,0.478730548573402
1,"corals",1995,0.478730548573402
10,"corals",1995,0.478730548573402
7,"corals",1995,0.478730548573402
2,"corals",1995,0.478730548573402
6,"corals",1995,0.478730548573402
9,"corals",1995,0.478730548573402
4,"corals",1996,0.505785060536869
8,"corals",1996,0.505785060536869
3,"corals",1996,0.505785060536869
5,"corals",1996,0.505785060536869
11,"corals",1996,0.505785060536869
1,"corals",1996,0.505785060536869
10,"corals",1996,0.505785060536869
7,"corals",1996,0.505785060536869
2,"corals",1996,0.505785060536869
6,"corals",1996,0.505785060536869
9,"corals",1996,0.505785060536869
4,"corals",1997,0.501755665138055
8,"corals",1997,0.501755665138055
3,"corals",1997,0.501755665138055
5,"corals",1997,0.501755665138055
11,"corals",1997,0.501755665138055
1,"corals",1997,0.501755665138055
10,"corals",1997,0.501755665138055
7,"corals",1997,0.501755665138055
2,"corals",1997,0.501755665138055
6,"corals",1997,0.501755665138055
9,"corals",1997,0.501755665138055
4,"corals",1998,0.593280503482549
8,"corals",1998,0.593280503482549
3,"corals",1998,0.593280503482549
5,"corals",1998,0.593280503482549
11,"corals",1998,0.593280503482549
1,"corals",1998,0.593280503482549
10,"corals",1998,0.593280503482549
7,"corals",1998,0.593280503482549
2,"corals",1998,0.593280503482549
6,"corals",1998,0.593280503482549
9,"corals",1998,0.593280503482549
4,"corals",1999,0.735844350212023
8,"corals",1999,0.735844350212023
3,"corals",1999,0.735844350212023
5,"corals",1999,0.735844350212023
11,"corals",1999,0.735844350212023
1,"corals",1999,0.735844350212023
10,"corals",1999,0.735844350212023
7,"corals",1999,0.735844350212023
2,"corals",1999,0.735844350212023
6,"corals",1999,0.735844350212023
9,"corals",1999,0.735844350212023
4,"corals",2000,0.758869466776676
8,"corals",2000,0.758869466776676
3,"corals",2000,0.758869466776676
5,"corals",2000,0.758869466776676
11,"corals",2000,0.758869466776676
1,"corals",2000,0.758869466776676
10,"corals",2000,0.758869466776676
7,"corals",2000,0.758869466776676
2,"corals",2000,0.758869466776676
6,"corals",2000,0.758869466776676
9,"corals",2000,0.758869466776676
4,"corals",2001,0.734309342441046
8,"corals",2001,0.734309342441046
3,"corals",2001,0.734309342441046
5,"corals",2001,0.734309342441046
11,"corals",2001,0.734309342441046
1,"corals",2001,0.734309342441046
10,"corals",2001,0.734309342441046
7,"corals",2001,0.734309342441046
2,"corals",2001,0.734309342441046
6,"corals",2001,0.734309342441046
9,"corals",2001,0.734309342441046
4,"corals",2002,0.751770055835908
8,"corals",2002,0.751770055835908
3,"corals",2002,0.751770055835908
5,"corals",2002,0.751770055835908
11,"corals",2002,0.751770055835908
1,"corals",2002,0.751770055835908
10,"corals",2002,0.751770055835908
7,"corals",2002,0.751770055835908
2,"corals",2002,0.751770055835908
6,"corals",2002,0.751770055835908
9,"corals",2002,0.751770055835908
4,"corals",2003,0.581576069228851
8,"corals",2003,0.581576069228851
3,"corals",2003,0.581576069228851
5,"corals",2003,0.581576069228851
11,"corals",2003,0.581576069228851
1,"corals",2003,0.581576069228851
10,"corals",2003,0.581576069228851
7,"corals",2003,0.581576069228851
2,"corals",2003,0.581576069228851
6,"corals",2003,0.581576069228851
9,"corals",2003,0.581576069228851
4,"corals",2004,0.537828347756011
8,"corals",2004,0.537828347756011
3,"corals",2004,0.537828347756011
5,"corals",2004,0.537828347756011
11,"corals",2004,0.537828347756011
1,"corals",2004,0.537828347756011
10,"corals",2004,0.537828347756011
7,"corals",2004,0.537828347756011
2,"corals",2004,0.537828347756011
6,"corals",2004,0.537828347756011
9,"corals",2004,0.537828347756011
4,"corals",2005,0.521135138246637
8,"corals",2005,0.521135138246637
3,"corals",2005,0.521135138246637
5,"corals",2005,0.521135138246637
11,"corals",2005,0.521135138246637
1,"corals",2005,0.521135138246637
10,"corals",2005,0.521135138246637
7,"corals",2005,0.521135138246637
2,"corals",2005,0.521135138246637
6,"corals",2005,0.521135138246637
9,"corals",2005,0.521135138246637
4,"corals",2006,0.398526392539862
8,"corals",2006,0.398526392539862
3,"corals",2006,0.398526392539862
5,"corals",2006,0.398526392539862
11,"corals",2006,0.398526392539862
1,"corals",2006,0.398526392539862
10,"corals",2006,0.398526392539862
7,"corals",2006,0.398526392539862
2,"corals",2006,0.398526392539862
6,"corals",2006,0.398526392539862
9,"corals",2006,0.398526392539862
4,"corals",2007,0.36091870215093
8,"corals",2007,0.36091870215093
3,"corals",2007,0.36091870215093
5,"corals",2007,0.36091870215093
11,"corals",2007,0.36091870215093
1,"corals",2007,0.36091870215093
10,"corals",2007,0.36091870215093
7,"corals",2007,0.36091870215093
2,"corals",2007,0.36091870215093
6,"corals",2007,0.36091870215093
9,"corals",2007,0.36091870215093
4,"corals",2008,0.379914423316768
8,"corals",2008,0.379914423316768
3,"corals",2008,0.379914423316768
5,"corals",2008,0.379914423316768
11,"corals",2008,0.379914423316768
1,"corals",2008,0.379914423316768
10,"corals",2008,0.379914423316768
7,"corals",2008,0.379914423316768
2,"corals",2008,0.379914423316768
6,"corals",2008,0.379914423316768
9,"corals",2008,0.379914423316768
4,"corals",2009,0.935395360439012
8,"corals",2009,0.935395360439012
3,"corals",2009,0.935395360439012
5,"corals",2009,0.935395360439012
11,"corals",2009,0.935395360439012
1,"corals",2009,0.935395360439012
10,"corals",2009,0.935395360439012
7,"corals",2009,0.935395360439012
2,"corals",2009,0.935395360439012
6,"corals",2009,0.935395360439012
9,"corals",2009,0.935395360439012
4,"corals",2010,1
8,"corals",2010,1
3,"corals",2010,1
5,"corals",2010,1
11,"corals",2010,1
1,"corals",2010,1
10,"corals",2010,1
7,"corals",2010,1
2,"corals",2010,1
6,"corals",2010,1
9,"corals",2010,1
4,"corals",2011,1
8,"corals",2011,1
3,"corals",2011,1
5,"corals",2011,1
11,"corals",2011,1
1,"corals",2011,1
10,"corals",2011,1
7,"corals",2011,1
2,"corals",2011,1
6,"corals",2011,1
9,"corals",2011,1
4,"fish_oil",1976,0.126335702054493
8,"fish_oil",1976,0.126335702054493
3,"fish_oil",1976,0.126335702054493
5,"fish_oil",1976,0.126335702054493
11,"fish_oil",1976,0.126335702054493
1,"fish_oil",1976,0.126335702054493
10,"fish_oil",1976,0.126335702054493
7,"fish_oil",1976,0.126335702054493
2,"fish_oil",1976,0.126335702054493
6,"fish_oil",1976,0.126335702054493
9,"fish_oil",1976,0.126335702054493
4,"fish_oil",1977,0.127830070920988
8,"fish_oil",1977,0.127830070920988
3,"fish_oil",1977,0.127830070920988
5,"fish_oil",1977,0.127830070920988
11,"fish_oil",1977,0.127830070920988
1,"fish_oil",1977,0.127830070920988
10,"fish_oil",1977,0.127830070920988
7,"fish_oil",1977,0.127830070920988
2,"fish_oil",1977,0.127830070920988
6,"fish_oil",1977,0.127830070920988
9,"fish_oil",1977,0.127830070920988
4,"fish_oil",1978,0.135468932950306
8,"fish_oil",1978,0.135468932950306
3,"fish_oil",1978,0.135468932950306
5,"fish_oil",1978,0.135468932950306
11,"fish_oil",1978,0.135468932950306
1,"fish_oil",1978,0.135468932950306
10,"fish_oil",1978,0.135468932950306
7,"fish_oil",1978,0.135468932950306
2,"fish_oil",1978,0.135468932950306
6,"fish_oil",1978,0.135468932950306
9,"fish_oil",1978,0.135468932950306
4,"fish_oil",1979,0.134853604593514
8,"fish_oil",1979,0.134853604593514
3,"fish_oil",1979,0.134853604593514
5,"fish_oil",1979,0.134853604593514
11,"fish_oil",1979,0.134853604593514
1,"fish_oil",1979,0.134853604593514
10,"fish_oil",1979,0.134853604593514
7,"fish_oil",1979,0.134853604593514
2,"fish_oil",1979,0.134853604593514
6,"fish_oil",1979,0.134853604593514
9,"fish_oil",1979,0.134853604593514
4,"fish_oil",1980,0.118978132988281
8,"fish_oil",1980,0.118978132988281
3,"fish_oil",1980,0.118978132988281
5,"fish_oil",1980,0.118978132988281
11,"fish_oil",1980,0.118978132988281
1,"fish_oil",1980,0.118978132988281
10,"fish_oil",1980,0.118978132988281
7,"fish_oil",1980,0.118978132988281
2,"fish_oil",1980,0.118978132988281
6,"fish_oil",1980,0.118978132988281
9,"fish_oil",1980,0.118978132988281
4,"fish_oil",1981,0.110917331514305
8,"fish_oil",1981,0.110917331514305
3,"fish_oil",1981,0.110917331514305
5,"fish_oil",1981,0.110917331514305
11,"fish_oil",1981,0.110917331514305
1,"fish_oil",1981,0.110917331514305
10,"fish_oil",1981,0.110917331514305
7,"fish_oil",1981,0.110917331514305
2,"fish_oil",1981,0.110917331514305
6,"fish_oil",1981,0.110917331514305
9,"fish_oil",1981,0.110917331514305
4,"fish_oil",1982,0.0987514108600181
8,"fish_oil",1982,0.0987514108600181
3,"fish_oil",1982,0.0987514108600181
5,"fish_oil",1982,0.0987514108600181
11,"fish_oil",1982,0.0987514108600181
1,"fish_oil",1982,0.0987514108600181
10,"fish_oil",1982,0.0987514108600181
7,"fish_oil",1982,0.0987514108600181
2,"fish_oil",1982,0.0987514108600181
6,"fish_oil",1982,0.0987514108600181
9,"fish_oil",1982,0.0987514108600181
4,"fish_oil",1983,0.0893193061909065
8,"fish_oil",1983,0.0893193061909065
3,"fish_oil",1983,0.0893193061909065
5,"fish_oil",1983,0.0893193061909065
11,"fish_oil",1983,0.0893193061909065
1,"fish_oil",1983,0.0893193061909065
10,"fish_oil",1983,0.0893193061909065
7,"fish_oil",1983,0.0893193061909065
2,"fish_oil",1983,0.0893193061909065
6,"fish_oil",1983,0.0893193061909065
9,"fish_oil",1983,0.0893193061909065
4,"fish_oil",1984,0.0877985661091206
8,"fish_oil",1984,0.0877985661091206
3,"fish_oil",1984,0.0877985661091206
5,"fish_oil",1984,0.0877985661091206
11,"fish_oil",1984,0.0877985661091206
1,"fish_oil",1984,0.0877985661091206
10,"fish_oil",1984,0.0877985661091206
7,"fish_oil",1984,0.0877985661091206
2,"fish_oil",1984,0.0877985661091206
6,"fish_oil",1984,0.0877985661091206
9,"fish_oil",1984,0.0877985661091206
4,"fish_oil",1985,0.0834473155860915
8,"fish_oil",1985,0.0834473155860915
3,"fish_oil",1985,0.0834473155860915
5,"fish_oil",1985,0.0834473155860915
11,"fish_oil",1985,0.0834473155860915
1,"fish_oil",1985,0.0834473155860915
10,"fish_oil",1985,0.0834473155860915
7,"fish_oil",1985,0.0834473155860915
2,"fish_oil",1985,0.0834473155860915
6,"fish_oil",1985,0.0834473155860915
9,"fish_oil",1985,0.0834473155860915
4,"fish_oil",1986,0.0850999117443328
8,"fish_oil",1986,0.0850999117443328
3,"fish_oil",1986,0.0850999117443328
5,"fish_oil",1986,0.0850999117443328
11,"fish_oil",1986,0.0850999117443328
1,"fish_oil",1986,0.0850999117443328
10,"fish_oil",1986,0.0850999117443328
7,"fish_oil",1986,0.0850999117443328
2,"fish_oil",1986,0.0850999117443328
6,"fish_oil",1986,0.0850999117443328
9,"fish_oil",1986,0.0850999117443328
4,"fish_oil",1987,0.0803443025868404
8,"fish_oil",1987,0.0803443025868404
3,"fish_oil",1987,0.0803443025868404
5,"fish_oil",1987,0.0803443025868404
11,"fish_oil",1987,0.0803443025868404
1,"fish_oil",1987,0.0803443025868404
10,"fish_oil",1987,0.0803443025868404
7,"fish_oil",1987,0.0803443025868404
2,"fish_oil",1987,0.0803443025868404
6,"fish_oil",1987,0.0803443025868404
9,"fish_oil",1987,0.0803443025868404
4,"fish_oil",1988,0.0855658032144753
8,"fish_oil",1988,0.0855658032144753
3,"fish_oil",1988,0.0855658032144753
5,"fish_oil",1988,0.0855658032144753
11,"fish_oil",1988,0.0855658032144753
1,"fish_oil",1988,0.0855658032144753
10,"fish_oil",1988,0.0855658032144753
7,"fish_oil",1988,0.0855658032144753
2,"fish_oil",1988,0.0855658032144753
6,"fish_oil",1988,0.0855658032144753
9,"fish_oil",1988,0.0855658032144753
4,"fish_oil",1989,0.0880446974518374
8,"fish_oil",1989,0.0880446974518374
3,"fish_oil",1989,0.0880446974518374
5,"fish_oil",1989,0.0880446974518374
11,"fish_oil",1989,0.0880446974518374
1,"fish_oil",1989,0.0880446974518374
10,"fish_oil",1989,0.0880446974518374
7,"fish_oil",1989,0.0880446974518374
2,"fish_oil",1989,0.0880446974518374
6,"fish_oil",1989,0.0880446974518374
9,"fish_oil",1989,0.0880446974518374
4,"fish_oil",1990,0.0961318701411036
8,"fish_oil",1990,0.0961318701411036
3,"fish_oil",1990,0.0961318701411036
5,"fish_oil",1990,0.0961318701411036
11,"fish_oil",1990,0.0961318701411036
1,"fish_oil",1990,0.0961318701411036
10,"fish_oil",1990,0.0961318701411036
7,"fish_oil",1990,0.0961318701411036
2,"fish_oil",1990,0.0961318701411036
6,"fish_oil",1990,0.0961318701411036
9,"fish_oil",1990,0.0961318701411036
4,"fish_oil",1991,0.106856164359478
8,"fish_oil",1991,0.106856164359478
3,"fish_oil",1991,0.106856164359478
5,"fish_oil",1991,0.106856164359478
11,"fish_oil",1991,0.106856164359478
1,"fish_oil",1991,0.106856164359478
10,"fish_oil",1991,0.106856164359478
7,"fish_oil",1991,0.106856164359478
2,"fish_oil",1991,0.106856164359478
6,"fish_oil",1991,0.106856164359478
9,"fish_oil",1991,0.106856164359478
4,"fish_oil",1992,0.102100555201986
8,"fish_oil",1992,0.102100555201986
3,"fish_oil",1992,0.102100555201986
5,"fish_oil",1992,0.102100555201986
11,"fish_oil",1992,0.102100555201986
1,"fish_oil",1992,0.102100555201986
10,"fish_oil",1992,0.102100555201986
7,"fish_oil",1992,0.102100555201986
2,"fish_oil",1992,0.102100555201986
6,"fish_oil",1992,0.102100555201986
9,"fish_oil",1992,0.102100555201986
4,"fish_oil",1993,0.102170878442762
8,"fish_oil",1993,0.102170878442762
3,"fish_oil",1993,0.102170878442762
5,"fish_oil",1993,0.102170878442762
11,"fish_oil",1993,0.102170878442762
1,"fish_oil",1993,0.102170878442762
10,"fish_oil",1993,0.102170878442762
7,"fish_oil",1993,0.102170878442762
2,"fish_oil",1993,0.102170878442762
6,"fish_oil",1993,0.102170878442762
9,"fish_oil",1993,0.102170878442762
4,"fish_oil",1994,0.100694090386461
8,"fish_oil",1994,0.100694090386461
3,"fish_oil",1994,0.100694090386461
5,"fish_oil",1994,0.100694090386461
11,"fish_oil",1994,0.100694090386461
1,"fish_oil",1994,0.100694090386461
10,"fish_oil",1994,0.100694090386461
7,"fish_oil",1994,0.100694090386461
2,"fish_oil",1994,0.100694090386461
6,"fish_oil",1994,0.100694090386461
9,"fish_oil",1994,0.100694090386461
4,"fish_oil",1995,0.103252098269697
8,"fish_oil",1995,0.103252098269697
3,"fish_oil",1995,0.103252098269697
5,"fish_oil",1995,0.103252098269697
11,"fish_oil",1995,0.103252098269697
1,"fish_oil",1995,0.103252098269697
10,"fish_oil",1995,0.103252098269697
7,"fish_oil",1995,0.103252098269697
2,"fish_oil",1995,0.103252098269697
6,"fish_oil",1995,0.103252098269697
9,"fish_oil",1995,0.103252098269697
4,"fish_oil",1996,0.134220695426528
8,"fish_oil",1996,0.134220695426528
3,"fish_oil",1996,0.134220695426528
5,"fish_oil",1996,0.134220695426528
11,"fish_oil",1996,0.134220695426528
1,"fish_oil",1996,0.134220695426528
10,"fish_oil",1996,0.134220695426528
7,"fish_oil",1996,0.134220695426528
2,"fish_oil",1996,0.134220695426528
6,"fish_oil",1996,0.134220695426528
9,"fish_oil",1996,0.134220695426528
4,"fish_oil",1997,0.128797015481661
8,"fish_oil",1997,0.128797015481661
3,"fish_oil",1997,0.128797015481661
5,"fish_oil",1997,0.128797015481661
11,"fish_oil",1997,0.128797015481661
1,"fish_oil",1997,0.128797015481661
10,"fish_oil",1997,0.128797015481661
7,"fish_oil",1997,0.128797015481661
2,"fish_oil",1997,0.128797015481661
6,"fish_oil",1997,0.128797015481661
9,"fish_oil",1997,0.128797015481661
4,"fish_oil",1998,0.122397600571025
8,"fish_oil",1998,0.122397600571025
3,"fish_oil",1998,0.122397600571025
5,"fish_oil",1998,0.122397600571025
11,"fish_oil",1998,0.122397600571025
1,"fish_oil",1998,0.122397600571025
10,"fish_oil",1998,0.122397600571025
7,"fish_oil",1998,0.122397600571025
2,"fish_oil",1998,0.122397600571025
6,"fish_oil",1998,0.122397600571025
9,"fish_oil",1998,0.122397600571025
4,"fish_oil",1999,0.113563243448511
8,"fish_oil",1999,0.113563243448511
3,"fish_oil",1999,0.113563243448511
5,"fish_oil",1999,0.113563243448511
11,"fish_oil",1999,0.113563243448511
1,"fish_oil",1999,0.113563243448511
10,"fish_oil",1999,0.113563243448511
7,"fish_oil",1999,0.113563243448511
2,"fish_oil",1999,0.113563243448511
6,"fish_oil",1999,0.113563243448511
9,"fish_oil",1999,0.113563243448511
4,"fish_oil",2000,0.0948484709969374
8,"fish_oil",2000,0.0948484709969374
3,"fish_oil",2000,0.0948484709969374
5,"fish_oil",2000,0.0948484709969374
11,"fish_oil",2000,0.0948484709969374
1,"fish_oil",2000,0.0948484709969374
10,"fish_oil",2000,0.0948484709969374
7,"fish_oil",2000,0.0948484709969374
2,"fish_oil",2000,0.0948484709969374
6,"fish_oil",2000,0.0948484709969374
9,"fish_oil",2000,0.0948484709969374
4,"fish_oil",2001,0.110477811259454
8,"fish_oil",2001,0.110477811259454
3,"fish_oil",2001,0.110477811259454
5,"fish_oil",2001,0.110477811259454
11,"fish_oil",2001,0.110477811259454
1,"fish_oil",2001,0.110477811259454
10,"fish_oil",2001,0.110477811259454
7,"fish_oil",2001,0.110477811259454
2,"fish_oil",2001,0.110477811259454
6,"fish_oil",2001,0.110477811259454
9,"fish_oil",2001,0.110477811259454
4,"fish_oil",2002,0.161769825000615
8,"fish_oil",2002,0.161769825000615
3,"fish_oil",2002,0.161769825000615
5,"fish_oil",2002,0.161769825000615
11,"fish_oil",2002,0.161769825000615
1,"fish_oil",2002,0.161769825000615
10,"fish_oil",2002,0.161769825000615
7,"fish_oil",2002,0.161769825000615
2,"fish_oil",2002,0.161769825000615
6,"fish_oil",2002,0.161769825000615
9,"fish_oil",2002,0.161769825000615
4,"fish_oil",2003,0.254869005383244
8,"fish_oil",2003,0.254869005383244
3,"fish_oil",2003,0.254869005383244
5,"fish_oil",2003,0.254869005383244
11,"fish_oil",2003,0.254869005383244
1,"fish_oil",2003,0.254869005383244
10,"fish_oil",2003,0.254869005383244
7,"fish_oil",2003,0.254869005383244
2,"fish_oil",2003,0.254869005383244
6,"fish_oil",2003,0.254869005383244
9,"fish_oil",2003,0.254869005383244
4,"fish_oil",2004,0.43423722138811
8,"fish_oil",2004,0.43423722138811
3,"fish_oil",2004,0.43423722138811
5,"fish_oil",2004,0.43423722138811
11,"fish_oil",2004,0.43423722138811
1,"fish_oil",2004,0.43423722138811
10,"fish_oil",2004,0.43423722138811
7,"fish_oil",2004,0.43423722138811
2,"fish_oil",2004,0.43423722138811
6,"fish_oil",2004,0.43423722138811
9,"fish_oil",2004,0.43423722138811
4,"fish_oil",2005,0.597211331887019
8,"fish_oil",2005,0.597211331887019
3,"fish_oil",2005,0.597211331887019
5,"fish_oil",2005,0.597211331887019
11,"fish_oil",2005,0.597211331887019
1,"fish_oil",2005,0.597211331887019
10,"fish_oil",2005,0.597211331887019
7,"fish_oil",2005,0.597211331887019
2,"fish_oil",2005,0.597211331887019
6,"fish_oil",2005,0.597211331887019
9,"fish_oil",2005,0.597211331887019
4,"fish_oil",2006,0.772606284788028
8,"fish_oil",2006,0.772606284788028
3,"fish_oil",2006,0.772606284788028
5,"fish_oil",2006,0.772606284788028
11,"fish_oil",2006,0.772606284788028
1,"fish_oil",2006,0.772606284788028
10,"fish_oil",2006,0.772606284788028
7,"fish_oil",2006,0.772606284788028
2,"fish_oil",2006,0.772606284788028
6,"fish_oil",2006,0.772606284788028
9,"fish_oil",2006,0.772606284788028
4,"fish_oil",2007,0.829717546703422
8,"fish_oil",2007,0.829717546703422
3,"fish_oil",2007,0.829717546703422
5,"fish_oil",2007,0.829717546703422
11,"fish_oil",2007,0.829717546703422
1,"fish_oil",2007,0.829717546703422
10,"fish_oil",2007,0.829717546703422
7,"fish_oil",2007,0.829717546703422
2,"fish_oil",2007,0.829717546703422
6,"fish_oil",2007,0.829717546703422
9,"fish_oil",2007,0.829717546703422
4,"fish_oil",2008,0.947772687156515
8,"fish_oil",2008,0.947772687156515
3,"fish_oil",2008,0.947772687156515
5,"fish_oil",2008,0.947772687156515
11,"fish_oil",2008,0.947772687156515
1,"fish_oil",2008,0.947772687156515
10,"fish_oil",2008,0.947772687156515
7,"fish_oil",2008,0.947772687156515
2,"fish_oil",2008,0.947772687156515
6,"fish_oil",2008,0.947772687156515
9,"fish_oil",2008,0.947772687156515
4,"fish_oil",2009,1
8,"fish_oil",2009,1
3,"fish_oil",2009,1
5,"fish_oil",2009,1
11,"fish_oil",2009,1
1,"fish_oil",2009,1
10,"fish_oil",2009,1
7,"fish_oil",2009,1
2,"fish_oil",2009,1
6,"fish_oil",2009,1
9,"fish_oil",2009,1
4,"fish_oil",2010,1
8,"fish_oil",2010,1
3,"fish_oil",2010,1
5,"fish_oil",2010,1
11,"fish_oil",2010,1
1,"fish_oil",2010,1
10,"fish_oil",2010,1
7,"fish_oil",2010,1
2,"fish_oil",2010,1
6,"fish_oil",2010,1
9,"fish_oil",2010,1
4,"fish_oil",2011,1
8,"fish_oil",2011,1
3,"fish_oil",2011,1
5,"fish_oil",2011,1
11,"fish_oil",2011,1
1,"fish_oil",2011,1
10,"fish_oil",2011,1
7,"fish_oil",2011,1
2,"fish_oil",2011,1
6,"fish_oil",2011,1
9,"fish_oil",2011,1
4,"ornamentals",1988,0.0644803788222256
8,"ornamentals",1988,0.0644803788222256
3,"ornamentals",1988,0.0644803788222256
5,"ornamentals",1988,0.0644803788222256
11,"ornamentals",1988,0.0644803788222256
1,"ornamentals",1988,0.0644803788222256
10,"ornamentals",1988,0.0644803788222256
7,"ornamentals",1988,0.0644803788222256
2,"ornamentals",1988,0.0644803788222256
6,"ornamentals",1988,0.0644803788222256
9,"ornamentals",1988,0.0644803788222256
4,"ornamentals",1989,0.157170923379175
8,"ornamentals",1989,0.157170923379175
3,"ornamentals",1989,0.157170923379175
5,"ornamentals",1989,0.157170923379175
11,"ornamentals",1989,0.157170923379175
1,"ornamentals",1989,0.157170923379175
10,"ornamentals",1989,0.157170923379175
7,"ornamentals",1989,0.157170923379175
2,"ornamentals",1989,0.157170923379175
6,"ornamentals",1989,0.157170923379175
9,"ornamentals",1989,0.157170923379175
4,"ornamentals",1990,0.163215958893758
8,"ornamentals",1990,0.163215958893758
3,"ornamentals",1990,0.163215958893758
5,"ornamentals",1990,0.163215958893758
11,"ornamentals",1990,0.163215958893758
1,"ornamentals",1990,0.163215958893758
10,"ornamentals",1990,0.163215958893758
7,"ornamentals",1990,0.163215958893758
2,"ornamentals",1990,0.163215958893758
6,"ornamentals",1990,0.163215958893758
9,"ornamentals",1990,0.163215958893758
4,"ornamentals",1991,0.23273386731147
8,"ornamentals",1991,0.23273386731147
3,"ornamentals",1991,0.23273386731147
5,"ornamentals",1991,0.23273386731147
11,"ornamentals",1991,0.23273386731147
1,"ornamentals",1991,0.23273386731147
10,"ornamentals",1991,0.23273386731147
7,"ornamentals",1991,0.23273386731147
2,"ornamentals",1991,0.23273386731147
6,"ornamentals",1991,0.23273386731147
9,"ornamentals",1991,0.23273386731147
4,"ornamentals",1992,0.217621278525011
8,"ornamentals",1992,0.217621278525011
3,"ornamentals",1992,0.217621278525011
5,"ornamentals",1992,0.217621278525011
11,"ornamentals",1992,0.217621278525011
1,"ornamentals",1992,0.217621278525011
10,"ornamentals",1992,0.217621278525011
7,"ornamentals",1992,0.217621278525011
2,"ornamentals",1992,0.217621278525011
6,"ornamentals",1992,0.217621278525011
9,"ornamentals",1992,0.217621278525011
4,"ornamentals",1993,0.193441136466677
8,"ornamentals",1993,0.193441136466677
3,"ornamentals",1993,0.193441136466677
5,"ornamentals",1993,0.193441136466677
11,"ornamentals",1993,0.193441136466677
1,"ornamentals",1993,0.193441136466677
10,"ornamentals",1993,0.193441136466677
7,"ornamentals",1993,0.193441136466677
2,"ornamentals",1993,0.193441136466677
6,"ornamentals",1993,0.193441136466677
9,"ornamentals",1993,0.193441136466677
4,"ornamentals",1994,0.193441136466677
8,"ornamentals",1994,0.193441136466677
3,"ornamentals",1994,0.193441136466677
5,"ornamentals",1994,0.193441136466677
11,"ornamentals",1994,0.193441136466677
1,"ornamentals",1994,0.193441136466677
10,"ornamentals",1994,0.193441136466677
7,"ornamentals",1994,0.193441136466677
2,"ornamentals",1994,0.193441136466677
6,"ornamentals",1994,0.193441136466677
9,"ornamentals",1994,0.193441136466677
4,"ornamentals",1995,0.157170923379175
8,"ornamentals",1995,0.157170923379175
3,"ornamentals",1995,0.157170923379175
5,"ornamentals",1995,0.157170923379175
11,"ornamentals",1995,0.157170923379175
1,"ornamentals",1995,0.157170923379175
10,"ornamentals",1995,0.157170923379175
7,"ornamentals",1995,0.157170923379175
2,"ornamentals",1995,0.157170923379175
6,"ornamentals",1995,0.157170923379175
9,"ornamentals",1995,0.157170923379175
4,"ornamentals",1996,0.217621278525011
8,"ornamentals",1996,0.217621278525011
3,"ornamentals",1996,0.217621278525011
5,"ornamentals",1996,0.217621278525011
11,"ornamentals",1996,0.217621278525011
1,"ornamentals",1996,0.217621278525011
10,"ornamentals",1996,0.217621278525011
7,"ornamentals",1996,0.217621278525011
2,"ornamentals",1996,0.217621278525011
6,"ornamentals",1996,0.217621278525011
9,"ornamentals",1996,0.217621278525011
4,"ornamentals",1997,0.211576243010428
8,"ornamentals",1997,0.211576243010428
3,"ornamentals",1997,0.211576243010428
5,"ornamentals",1997,0.211576243010428
11,"ornamentals",1997,0.211576243010428
1,"ornamentals",1997,0.211576243010428
10,"ornamentals",1997,0.211576243010428
7,"ornamentals",1997,0.211576243010428
2,"ornamentals",1997,0.211576243010428
6,"ornamentals",1997,0.211576243010428
9,"ornamentals",1997,0.211576243010428
4,"ornamentals",1998,0.256914009369805
8,"ornamentals",1998,0.256914009369805
3,"ornamentals",1998,0.256914009369805
5,"ornamentals",1998,0.256914009369805
11,"ornamentals",1998,0.256914009369805
1,"ornamentals",1998,0.256914009369805
10,"ornamentals",1998,0.256914009369805
7,"ornamentals",1998,0.256914009369805
2,"ornamentals",1998,0.256914009369805
6,"ornamentals",1998,0.256914009369805
9,"ornamentals",1998,0.256914009369805
4,"ornamentals",1999,0.253891491612513
8,"ornamentals",1999,0.253891491612513
3,"ornamentals",1999,0.253891491612513
5,"ornamentals",1999,0.253891491612513
11,"ornamentals",1999,0.253891491612513
1,"ornamentals",1999,0.253891491612513
10,"ornamentals",1999,0.253891491612513
7,"ornamentals",1999,0.253891491612513
2,"ornamentals",1999,0.253891491612513
6,"ornamentals",1999,0.253891491612513
9,"ornamentals",1999,0.253891491612513
4,"ornamentals",2000,0.220643796282303
8,"ornamentals",2000,0.220643796282303
3,"ornamentals",2000,0.220643796282303
5,"ornamentals",2000,0.220643796282303
11,"ornamentals",2000,0.220643796282303
1,"ornamentals",2000,0.220643796282303
10,"ornamentals",2000,0.220643796282303
7,"ornamentals",2000,0.220643796282303
2,"ornamentals",2000,0.220643796282303
6,"ornamentals",2000,0.220643796282303
9,"ornamentals",2000,0.220643796282303
4,"ornamentals",2001,0.154148405621883
8,"ornamentals",2001,0.154148405621883
3,"ornamentals",2001,0.154148405621883
5,"ornamentals",2001,0.154148405621883
11,"ornamentals",2001,0.154148405621883
1,"ornamentals",2001,0.154148405621883
10,"ornamentals",2001,0.154148405621883
7,"ornamentals",2001,0.154148405621883
2,"ornamentals",2001,0.154148405621883
6,"ornamentals",2001,0.154148405621883
9,"ornamentals",2001,0.154148405621883
4,"ornamentals",2002,0.229711349554179
8,"ornamentals",2002,0.229711349554179
3,"ornamentals",2002,0.229711349554179
5,"ornamentals",2002,0.229711349554179
11,"ornamentals",2002,0.229711349554179
1,"ornamentals",2002,0.229711349554179
10,"ornamentals",2002,0.229711349554179
7,"ornamentals",2002,0.229711349554179
2,"ornamentals",2002,0.229711349554179
6,"ornamentals",2002,0.229711349554179
9,"ornamentals",2002,0.229711349554179
4,"ornamentals",2003,0.462445216865649
8,"ornamentals",2003,0.462445216865649
3,"ornamentals",2003,0.462445216865649
5,"ornamentals",2003,0.462445216865649
11,"ornamentals",2003,0.462445216865649
1,"ornamentals",2003,0.462445216865649
10,"ornamentals",2003,0.462445216865649
7,"ornamentals",2003,0.462445216865649
2,"ornamentals",2003,0.462445216865649
6,"ornamentals",2003,0.462445216865649
9,"ornamentals",2003,0.462445216865649
4,"ornamentals",2004,0.640773764545867
8,"ornamentals",2004,0.640773764545867
3,"ornamentals",2004,0.640773764545867
5,"ornamentals",2004,0.640773764545867
11,"ornamentals",2004,0.640773764545867
1,"ornamentals",2004,0.640773764545867
10,"ornamentals",2004,0.640773764545867
7,"ornamentals",2004,0.640773764545867
2,"ornamentals",2004,0.640773764545867
6,"ornamentals",2004,0.640773764545867
9,"ornamentals",2004,0.640773764545867
4,"ornamentals",2005,1
8,"ornamentals",2005,1
3,"ornamentals",2005,1
5,"ornamentals",2005,1
11,"ornamentals",2005,1
1,"ornamentals",2005,1
10,"ornamentals",2005,1
7,"ornamentals",2005,1
2,"ornamentals",2005,1
6,"ornamentals",2005,1
9,"ornamentals",2005,1
4,"ornamentals",2006,1
8,"ornamentals",2006,1
3,"ornamentals",2006,1
5,"ornamentals",2006,1
11,"ornamentals",2006,1
1,"ornamentals",2006,1
10,"ornamentals",2006,1
7,"ornamentals",2006,1
2,"ornamentals",2006,1
6,"ornamentals",2006,1
9,"ornamentals",2006,1
4,"ornamentals",2007,1
8,"ornamentals",2007,1
3,"ornamentals",2007,1
5,"ornamentals",2007,1
11,"ornamentals",2007,1
1,"ornamentals",2007,1
10,"ornamentals",2007,1
7,"ornamentals",2007,1
2,"ornamentals",2007,1
6,"ornamentals",2007,1
9,"ornamentals",2007,1
4,"ornamentals",2008,1
8,"ornamentals",2008,1
3,"ornamentals",2008,1
5,"ornamentals",2008,1
11,"ornamentals",2008,1
1,"ornamentals",2008,1
10,"ornamentals",2008,1
7,"ornamentals",2008,1
2,"ornamentals",2008,1
6,"ornamentals",2008,1
9,"ornamentals",2008,1
4,"ornamentals",2009,0.335499471059392
8,"ornamentals",2009,0.335499471059392
3,"ornamentals",2009,0.335499471059392
5,"ornamentals",2009,0.335499471059392
11,"ornamentals",2009,0.335499471059392
1,"ornamentals",2009,0.335499471059392
10,"ornamentals",2009,0.335499471059392
7,"ornamentals",2009,0.335499471059392
2,"ornamentals",2009,0.335499471059392
6,"ornamentals",2009,0.335499471059392
9,"ornamentals",2009,0.335499471059392
4,"ornamentals",2010,0.302251775729182
8,"ornamentals",2010,0.302251775729182
3,"ornamentals",2010,0.302251775729182
5,"ornamentals",2010,0.302251775729182
11,"ornamentals",2010,0.302251775729182
1,"ornamentals",2010,0.302251775729182
10,"ornamentals",2010,0.302251775729182
7,"ornamentals",2010,0.302251775729182
2,"ornamentals",2010,0.302251775729182
6,"ornamentals",2010,0.302251775729182
9,"ornamentals",2010,0.302251775729182
4,"ornamentals",2011,0.362702130875019
8,"ornamentals",2011,0.362702130875019
3,"ornamentals",2011,0.362702130875019
5,"ornamentals",2011,0.362702130875019
11,"ornamentals",2011,0.362702130875019
1,"ornamentals",2011,0.362702130875019
10,"ornamentals",2011,0.362702130875019
7,"ornamentals",2011,0.362702130875019
2,"ornamentals",2011,0.362702130875019
6,"ornamentals",2011,0.362702130875019
9,"ornamentals",2011,0.362702130875019
4,"seaweeds",1994,1
8,"seaweeds",1994,1
3,"seaweeds",1994,1
5,"seaweeds",1994,1
11,"seaweeds",1994,1
1,"seaweeds",1994,1
10,"seaweeds",1994,1
7,"seaweeds",1994,1
2,"seaweeds",1994,1
6,"seaweeds",1994,1
9,"seaweeds",1994,1
4,"seaweeds",1995,1
8,"seaweeds",1995,1
3,"seaweeds",1995,1
5,"seaweeds",1995,1
11,"seaweeds",1995,1
1,"seaweeds",1995,1
10,"seaweeds",1995,1
7,"seaweeds",1995,1
2,"seaweeds",1995,1
6,"seaweeds",1995,1
9,"seaweeds",1995,1
4,"seaweeds",1996,0.639570418231031
8,"seaweeds",1996,0.639570418231031
3,"seaweeds",1996,0.639570418231031
5,"seaweeds",1996,0.639570418231031
11,"seaweeds",1996,0.639570418231031
1,"seaweeds",1996,0.639570418231031
10,"seaweeds",1996,0.639570418231031
7,"seaweeds",1996,0.639570418231031
2,"seaweeds",1996,0.639570418231031
6,"seaweeds",1996,0.639570418231031
9,"seaweeds",1996,0.639570418231031
4,"seaweeds",1997,0.661772960297364
8,"seaweeds",1997,0.661772960297364
3,"seaweeds",1997,0.661772960297364
5,"seaweeds",1997,0.661772960297364
11,"seaweeds",1997,0.661772960297364
1,"seaweeds",1997,0.661772960297364
10,"seaweeds",1997,0.661772960297364
7,"seaweeds",1997,0.661772960297364
2,"seaweeds",1997,0.661772960297364
6,"seaweeds",1997,0.661772960297364
9,"seaweeds",1997,0.661772960297364
4,"seaweeds",1998,0.658748175774282
8,"seaweeds",1998,0.658748175774282
3,"seaweeds",1998,0.658748175774282
5,"seaweeds",1998,0.658748175774282
11,"seaweeds",1998,0.658748175774282
1,"seaweeds",1998,0.658748175774282
10,"seaweeds",1998,0.658748175774282
7,"seaweeds",1998,0.658748175774282
2,"seaweeds",1998,0.658748175774282
6,"seaweeds",1998,0.658748175774282
9,"seaweeds",1998,0.658748175774282
4,"seaweeds",1999,0.727413902782802
8,"seaweeds",1999,0.727413902782802
3,"seaweeds",1999,0.727413902782802
5,"seaweeds",1999,0.727413902782802
11,"seaweeds",1999,0.727413902782802
1,"seaweeds",1999,0.727413902782802
10,"seaweeds",1999,0.727413902782802
7,"seaweeds",1999,0.727413902782802
2,"seaweeds",1999,0.727413902782802
6,"seaweeds",1999,0.727413902782802
9,"seaweeds",1999,0.727413902782802
4,"seaweeds",2000,0.759875765551134
8,"seaweeds",2000,0.759875765551134
3,"seaweeds",2000,0.759875765551134
5,"seaweeds",2000,0.759875765551134
11,"seaweeds",2000,0.759875765551134
1,"seaweeds",2000,0.759875765551134
10,"seaweeds",2000,0.759875765551134
7,"seaweeds",2000,0.759875765551134
2,"seaweeds",2000,0.759875765551134
6,"seaweeds",2000,0.759875765551134
9,"seaweeds",2000,0.759875765551134
4,"seaweeds",2001,0.78482244203016
8,"seaweeds",2001,0.78482244203016
3,"seaweeds",2001,0.78482244203016
5,"seaweeds",2001,0.78482244203016
11,"seaweeds",2001,0.78482244203016
1,"seaweeds",2001,0.78482244203016
10,"seaweeds",2001,0.78482244203016
7,"seaweeds",2001,0.78482244203016
2,"seaweeds",2001,0.78482244203016
6,"seaweeds",2001,0.78482244203016
9,"seaweeds",2001,0.78482244203016
4,"seaweeds",2002,0.8043120330294
8,"seaweeds",2002,0.8043120330294
3,"seaweeds",2002,0.8043120330294
5,"seaweeds",2002,0.8043120330294
11,"seaweeds",2002,0.8043120330294
1,"seaweeds",2002,0.8043120330294
10,"seaweeds",2002,0.8043120330294
7,"seaweeds",2002,0.8043120330294
2,"seaweeds",2002,0.8043120330294
6,"seaweeds",2002,0.8043120330294
9,"seaweeds",2002,0.8043120330294
4,"seaweeds",2003,0.895897519053024
8,"seaweeds",2003,0.895897519053024
3,"seaweeds",2003,0.895897519053024
5,"seaweeds",2003,0.895897519053024
11,"seaweeds",2003,0.895897519053024
1,"seaweeds",2003,0.895897519053024
10,"seaweeds",2003,0.895897519053024
7,"seaweeds",2003,0.895897519053024
2,"seaweeds",2003,0.895897519053024
6,"seaweeds",2003,0.895897519053024
9,"seaweeds",2003,0.895897519053024
4,"seaweeds",2004,1
8,"seaweeds",2004,1
3,"seaweeds",2004,1
5,"seaweeds",2004,1
11,"seaweeds",2004,1
1,"seaweeds",2004,1
10,"seaweeds",2004,1
7,"seaweeds",2004,1
2,"seaweeds",2004,1
6,"seaweeds",2004,1
9,"seaweeds",2004,1
4,"seaweeds",2005,1
8,"seaweeds",2005,1
3,"seaweeds",2005,1
5,"seaweeds",2005,1
11,"seaweeds",2005,1
1,"seaweeds",2005,1
10,"seaweeds",2005,1
7,"seaweeds",2005,1
2,"seaweeds",2005,1
6,"seaweeds",2005,1
9,"seaweeds",2005,1
4,"seaweeds",2006,1
8,"seaweeds",2006,1
3,"seaweeds",2006,1
5,"seaweeds",2006,1
11,"seaweeds",2006,1
1,"seaweeds",2006,1
10,"seaweeds",2006,1
7,"seaweeds",2006,1
2,"seaweeds",2006,1
6,"seaweeds",2006,1
9,"seaweeds",2006,1
4,"seaweeds",2007,1
8,"seaweeds",2007,1
3,"seaweeds",2007,1
5,"seaweeds",2007,1
11,"seaweeds",2007,1
1,"seaweeds",2007,1
10,"seaweeds",2007,1
7,"seaweeds",2007,1
2,"seaweeds",2007,1
6,"seaweeds",2007,1
9,"seaweeds",2007,1
4,"seaweeds",2008,1
8,"seaweeds",2008,1
3,"seaweeds",2008,1
5,"seaweeds",2008,1
11,"seaweeds",2008,1
1,"seaweeds",2008,1
10,"seaweeds",2008,1
7,"seaweeds",2008,1
2,"seaweeds",2008,1
6,"seaweeds",2008,1
9,"seaweeds",2008,1
4,"seaweeds",2009,1
8,"seaweeds",2009,1
3,"seaweeds",2009,1
5,"seaweeds",2009,1
11,"seaweeds",2009,1
1,"seaweeds",2009,1
10,"seaweeds",2009,1
7,"seaweeds",2009,1
2,"seaweeds",2009,1
6,"seaweeds",2009,1
9,"seaweeds",2009,1
4,"seaweeds",2010,1
8,"seaweeds",2010,1
3,"seaweeds",2010,1
5,"seaweeds",2010,1
11,"seaweeds",2010,1
1,"seaweeds",2010,1
10,"seaweeds",2010,1
7,"seaweeds",2010,1
2,"seaweeds",2010,1
6,"seaweeds",2010,1
9,"seaweeds",2010,1
4,"seaweeds",2011,1
8,"seaweeds",2011,1
3,"seaweeds",2011,1
5,"seaweeds",2011,1
11,"seaweeds",2011,1
1,"seaweeds",2011,1
10,"seaweeds",2011,1
7,"seaweeds",2011,1
2,"seaweeds",2011,1
6,"seaweeds",2011,1
9,"seaweeds",2011,1
